fecha,descripcion,monto,saldo
2026-04-08,PAGO EN PEDIDOSYA,-15120,64880
2026-04-11,PAGO SPOTIFY,-6990,57890
2026-04-12,TRANSFERENCIA RECIBIDA DE VALENTINA ROJAS,100000,157890
2026-04-14,PAGO FIGMA,-15000,142890
2026-04-14,PAGO EN PEDIDOSYA,-14858,128032
2026-04-19,PAGO EN UBER,-6812,121220
2026-04-21,TRANSFERENCIA ENVIADA A VALENTINA ROJAS,-100000,21220
2026-04-28,PAGO EN PEDIDOSYA,-10744,10476
2026-05-11,PAGO SPOTIFY,-6990,3486
2026-05-13,TRANSFERENCIA RECIBIDA DE VALENTINA ROJAS,100000,103486
2026-05-14,PAGO FIGMA,-15000,88486
2026-05-17,PAGO EN UBER,-8702,79784
2026-05-19,COBRO LINK DE PAGO DISENO LOGO,45000,124784
2026-05-21,TRANSFERENCIA ENVIADA A VALENTINA ROJAS,-100000,24784
2026-05-23,COBRO LINK DE PAGO DISENO LOGO,45000,69784
2026-05-25,PAGO EN UBER,-8490,61294
2026-06-06,PAGO EN RAPPI,-7918,53376
2026-06-11,PAGO SPOTIFY,-6990,46386
2026-06-11,COBRO LINK DE PAGO DISENO LOGO,85000,131386
2026-06-13,TRANSFERENCIA RECIBIDA DE VALENTINA ROJAS,100000,231386
2026-06-14,PAGO FIGMA,-15000,216386
2026-06-16,PAGO EN PEDIDOSYA,-9575,206811
2026-06-19,COBRO LINK DE PAGO DISENO LOGO,85000,291811
2026-06-21,TRANSFERENCIA ENVIADA A VALENTINA ROJAS,-100000,191811
2026-06-25,PAGO EN UBER,-8119,183692
2026-07-10,PAGO EN PEDIDOSYA,-8386,175306
2026-07-11,PAGO SPOTIFY,-6990,168316
2026-07-12,TRANSFERENCIA RECIBIDA DE VALENTINA ROJAS,100000,268316
2026-07-13,COBRO LINK DE PAGO DISENO LOGO,85000,353316
2026-07-14,PAGO FIGMA,-15000,338316
2026-07-14,PAGO EN RAPPI,-12049,326267
2026-07-20,PAGO EN RAPPI,-11220,315047
2026-07-21,TRANSFERENCIA ENVIADA A VALENTINA ROJAS,-100000,215047
2026-08-04,COBRO LINK DE PAGO DISENO LOGO,120000,335047
2026-08-04,PAGO EN UBER,-13634,321413
2026-08-09,PAGO EN UBER,-15867,305546
2026-08-11,PAGO SPOTIFY,-6990,298556
2026-08-12,PAGO EN UBER,-8012,290544
2026-08-12,TRANSFERENCIA RECIBIDA DE VALENTINA ROJAS,100000,390544
2026-08-13,PAGO EN PEDIDOSYA,-16394,374150
2026-08-14,PAGO FIGMA,-15000,359150
2026-08-21,TRANSFERENCIA ENVIADA A VALENTINA ROJAS,-100000,259150
2026-09-07,PAGO EN RAPPI,-14073,245077
2026-09-11,PAGO SPOTIFY,-6990,238087
2026-09-13,TRANSFERENCIA RECIBIDA DE VALENTINA ROJAS,100000,338087
2026-09-14,PAGO FIGMA,-15000,323087
2026-09-21,TRANSFERENCIA ENVIADA A VALENTINA ROJAS,-100000,223087
2026-09-27,COBRO LINK DE PAGO DISENO LOGO,60000,283087
2026-09-27,PAGO EN UBER,-9714,273373
