Fecha;Descripción;Cargos;Abonos;Saldo
03/04/2026;PAGO ADOBE CREATIVE CLOUD;21.990;;338.010
03/04/2026;TRANSF DE ESTUDIO NORTE SPA;;470.000;808.010
05/04/2026;PAGO COWORK ESPACIO CENTRAL;120.000;;688.010
07/04/2026;COMPRA LIDER;19.632;;668.378
08/04/2026;COMPRA LIDER;50.113;;618.265
08/04/2026;COMPRA FARMACIAS CRUZ VERDE;7.027;;611.238
09/04/2026;PAGO NETFLIX;9.490;;601.748
10/04/2026;PAGO CANVA PRO;8.990;;592.758
10/04/2026;COMPRA CINEMARK;11.489;;581.269
12/04/2026;COMPRA LIDER;47.255;;534.014
12/04/2026;TRANSF A VALENTINA ROJAS FUENTES;100.000;;434.014
14/04/2026;COMPRA UNIMARC;18.578;;415.436
14/04/2026;COMPRA LIDER;51.057;;364.379
15/04/2026;PAGO PLAN MOVISTAR;24.990;;339.389
18/04/2026;PAGO ENEL;22.305;;317.084
18/04/2026;TRANSF DE AGENCIA PULSO LTDA;;420.000;737.084
18/04/2026;TRANSF DE CAMILA SOTO MUNOZ;;15.000;752.084
21/04/2026;TRANSF DE VALENTINA ROJAS FUENTES;;100.000;852.084
28/04/2026;PAC ARRIENDO DEPTO;380.000;;472.084
03/05/2026;PAGO ADOBE CREATIVE CLOUD;21.990;;450.094
03/05/2026;TRANSF DE ESTUDIO NORTE SPA;;470.000;920.094
05/05/2026;PAGO COWORK ESPACIO CENTRAL;120.000;;800.094
09/05/2026;PAGO NETFLIX;9.490;;790.604
10/05/2026;PAGO CANVA PRO;8.990;;781.614
10/05/2026;COMPRA JUMBO;25.781;;755.833
10/05/2026;COMPRA FARMACIAS CRUZ VERDE;7.398;;748.435
11/05/2026;COMPRA FARMACIAS CRUZ VERDE;19.707;;728.728
12/05/2026;TRANSF A VALENTINA ROJAS FUENTES;100.000;;628.728
13/05/2026;TRANSF DE MARCA LIBRE EIRL;;180.000;808.728
15/05/2026;PAGO PLAN MOVISTAR;24.990;;783.738
15/05/2026;COMPRA UNIMARC;37.696;;746.042
16/05/2026;COMPRA UNIMARC;34.587;;711.455
18/05/2026;PAGO ENEL;18.688;;692.767
19/05/2026;COMPRA SANTA ISABEL;48.419;;644.348
21/05/2026;TRANSF DE VALENTINA ROJAS FUENTES;;100.000;744.348
23/05/2026;COMPRA JUMBO;19.364;;724.984
28/05/2026;PAC ARRIENDO DEPTO;380.000;;344.984
01/06/2026;COMPRA FARMACIAS CRUZ VERDE;20.128;;324.856
03/06/2026;PAGO ADOBE CREATIVE CLOUD;21.990;;302.866
05/06/2026;PAGO COWORK ESPACIO CENTRAL;120.000;;182.866
09/06/2026;PAGO NETFLIX;9.490;;173.376
10/06/2026;PAGO CANVA PRO;8.990;;164.386
12/06/2026;TRANSF A VALENTINA ROJAS FUENTES;100.000;;64.386
15/06/2026;PAGO PLAN MOVISTAR;24.990;;39.396
16/06/2026;COMPRA LIDER;17.976;;21.420
18/06/2026;PAGO ENEL;17.642;;3.778
19/06/2026;TRANSF DE ESTUDIO NORTE SPA;;470.000;473.778
19/06/2026;COMPRA UNIMARC;18.506;;455.272
21/06/2026;TRANSF DE VALENTINA ROJAS FUENTES;;100.000;555.272
22/06/2026;TRANSF DE AGENCIA PULSO LTDA;;280.000;835.272
22/06/2026;COMPRA UNIMARC;32.651;;802.621
22/06/2026;COMPRA FARMACIAS CRUZ VERDE;16.370;;786.251
24/06/2026;COMPRA SANTA ISABEL;51.876;;734.375
27/06/2026;COMPRA LIDER;31.690;;702.685
28/06/2026;PAC ARRIENDO DEPTO;380.000;;322.685
03/07/2026;PAGO ADOBE CREATIVE CLOUD;21.990;;300.695
04/07/2026;TRANSF DE ESTUDIO NORTE SPA;;470.000;770.695
05/07/2026;PAGO COWORK ESPACIO CENTRAL;120.000;;650.695
05/07/2026;COMPRA LIDER;25.548;;625.147
05/07/2026;COMPRA JUMBO;29.291;;595.856
09/07/2026;PAGO NETFLIX;9.490;;586.366
09/07/2026;COMPRA UNIMARC;37.512;;548.854
10/07/2026;PAGO CANVA PRO;8.990;;539.864
12/07/2026;TRANSF A VALENTINA ROJAS FUENTES;100.000;;439.864
13/07/2026;TRANSF DE AGENCIA PULSO LTDA;;280.000;719.864
15/07/2026;PAGO PLAN MOVISTAR;24.990;;694.874
16/07/2026;COMPRA FARMACIAS CRUZ VERDE;10.975;;683.899
18/07/2026;PAGO ENEL;23.405;;660.494
21/07/2026;TRANSF DE VALENTINA ROJAS FUENTES;;100.000;760.494
22/07/2026;COMPRA UNIMARC;29.122;;731.372
27/07/2026;COMPRA UNIMARC;50.059;;681.313
28/07/2026;PAC ARRIENDO DEPTO;380.000;;301.313
02/08/2026;COMPRA JUMBO;18.413;;282.900
03/08/2026;PAGO ADOBE CREATIVE CLOUD;21.990;;260.910
03/08/2026;COMPRA FARMACIAS CRUZ VERDE;11.814;;249.096
04/08/2026;TRANSF DE ESTUDIO NORTE SPA;;470.000;719.096
04/08/2026;COMPRA SANTA ISABEL;17.445;;701.651
04/08/2026;COMPRA LIDER;51.144;;650.507
05/08/2026;PAGO COWORK ESPACIO CENTRAL;120.000;;530.507
05/08/2026;COMPRA LIDER;37.829;;492.678
07/08/2026;COMPRA UNIMARC;24.636;;468.042
09/08/2026;PAGO NETFLIX;9.490;;458.552
10/08/2026;PAGO CANVA PRO;8.990;;449.562
10/08/2026;COMPRA CINEMARK;7.603;;441.959
12/08/2026;TRANSF A VALENTINA ROJAS FUENTES;100.000;;341.959
14/08/2026;TRANSF DE MARCA LIBRE EIRL;;220.000;561.959
15/08/2026;PAGO PLAN MOVISTAR;24.990;;536.969
18/08/2026;PAGO ENEL;24.481;;512.488
21/08/2026;TRANSF DE VALENTINA ROJAS FUENTES;;100.000;612.488
28/08/2026;PAC ARRIENDO DEPTO;380.000;;232.488
01/09/2026;COMPRA CINEMARK;7.128;;225.360
03/09/2026;PAGO ADOBE CREATIVE CLOUD;21.990;;203.370
04/09/2026;TRANSF DE ESTUDIO NORTE SPA;;470.000;673.370
05/09/2026;PAGO COWORK ESPACIO CENTRAL;120.000;;553.370
07/09/2026;COMPRA SANTA ISABEL;23.607;;529.763
09/09/2026;PAGO NETFLIX;9.490;;520.273
10/09/2026;PAGO CANVA PRO;8.990;;511.283
10/09/2026;COMPRA LIDER;31.112;;480.171
12/09/2026;COMPRA JUMBO;48.903;;431.268
12/09/2026;TRANSF A VALENTINA ROJAS FUENTES;100.000;;331.268
15/09/2026;PAGO PLAN MOVISTAR;24.990;;306.278
17/09/2026;COMPRA SANTA ISABEL;24.947;;281.331
18/09/2026;PAGO ENEL;18.674;;262.657
20/09/2026;COMPRA FARMACIAS CRUZ VERDE;11.394;;251.263
21/09/2026;COMPRA FARMACIAS CRUZ VERDE;12.308;;238.955
21/09/2026;TRANSF DE VALENTINA ROJAS FUENTES;;100.000;338.955
23/09/2026;TRANSF DE AGENCIA PULSO LTDA;;350.000;688.955
23/09/2026;COMPRA LIDER;48.610;;640.345
28/09/2026;PAC ARRIENDO DEPTO;380.000;;260.345
03/10/2026;PAGO ADOBE CREATIVE CLOUD;21.990;;238.355
04/10/2026;TRANSF DE ESTUDIO NORTE SPA;;470.000;708.355
04/10/2026;COMPRA JUMBO;44.807;;663.548
05/10/2026;PAGO COWORK ESPACIO CENTRAL;120.000;;543.548
07/10/2026;COMPRA SANTA ISABEL;27.393;;516.155
